# Source: [Phys. Rev. C 108 (2023) 055501], Supplementary materials, 0–12.5 MeV
# 239Pu neutrino fission spectrum data from 0 to 12.500 MeV in 25 keV bins
# Columns: E_nu [MeV], dN_dE [# / MeV / fission], dN_dE_unc [# / MeV / fission]
         E_nu,         dN_dE,     dN_dE_unc
 1.250000e-02,  1.310093e+00,  1.087612e-01
 3.750000e-02,  3.152720e+00,  1.427030e-01
 6.250000e-02,  1.713492e+00,  1.225005e-01
 8.750000e-02,  1.867064e+00,  1.609430e-01
 1.125000e-01,  2.479359e+00,  1.613502e-01
 1.375000e-01,  3.212991e+00,  1.744045e-01
 1.625000e-01,  3.288576e+00,  1.453476e-01
 1.875000e-01,  3.536709e+00,  1.524639e-01
 2.125000e-01,  4.058353e+00,  1.907788e-01
 2.375000e-01,  3.441083e+00,  2.708186e-01
 2.625000e-01,  3.180264e+00,  2.953934e-01
 2.875000e-01,  3.035582e+00,  2.497213e-01
 3.125000e-01,  2.947232e+00,  2.063348e-01
 3.375000e-01,  2.973227e+00,  1.966398e-01
 3.625000e-01,  2.772411e+00,  1.989375e-01
 3.875000e-01,  2.829364e+00,  2.000617e-01
 4.125000e-01,  2.854651e+00,  1.997556e-01
 4.375000e-01,  2.871431e+00,  1.883012e-01
 4.625000e-01,  2.864422e+00,  1.763729e-01
 4.875000e-01,  2.953002e+00,  1.703109e-01
 5.125000e-01,  2.832271e+00,  1.616013e-01
 5.375000e-01,  2.761869e+00,  1.581599e-01
 5.625000e-01,  2.703431e+00,  1.509649e-01
 5.875000e-01,  2.544566e+00,  1.296650e-01
 6.125000e-01,  2.500071e+00,  1.230668e-01
 6.375000e-01,  2.529960e+00,  1.194773e-01
 6.625000e-01,  2.524447e+00,  1.108564e-01
 6.875000e-01,  2.543506e+00,  1.037127e-01
 7.125000e-01,  2.566598e+00,  9.982229e-02
 7.375000e-01,  2.577717e+00,  9.770483e-02
 7.625000e-01,  2.545097e+00,  9.504664e-02
 7.875000e-01,  2.547577e+00,  8.684722e-02
 8.125000e-01,  2.536577e+00,  8.197197e-02
 8.375000e-01,  2.547075e+00,  7.986868e-02
 8.625000e-01,  2.547029e+00,  7.748130e-02
 8.875000e-01,  2.526260e+00,  7.358915e-02
 9.125000e-01,  2.477992e+00,  7.174707e-02
 9.375000e-01,  2.345155e+00,  5.909949e-02
 9.625000e-01,  2.320117e+00,  5.661970e-02
 9.875000e-01,  2.294362e+00,  5.701588e-02
 1.012500e+00,  2.211252e+00,  5.967270e-02
 1.037500e+00,  2.143614e+00,  5.168057e-02
 1.062500e+00,  2.130521e+00,  4.956775e-02
 1.087500e+00,  2.109535e+00,  4.929879e-02
 1.112500e+00,  2.065351e+00,  4.633612e-02
 1.137500e+00,  2.023670e+00,  4.488158e-02
 1.162500e+00,  1.999908e+00,  4.344287e-02
 1.187500e+00,  1.967774e+00,  4.362201e-02
 1.212500e+00,  1.880417e+00,  3.885609e-02
 1.237500e+00,  1.823128e+00,  3.473315e-02
 1.262500e+00,  1.767531e+00,  3.710562e-02
 1.287500e+00,  1.712556e+00,  3.931378e-02
 1.312500e+00,  1.652613e+00,  4.041765e-02
 1.337500e+00,  1.627884e+00,  4.035710e-02
 1.362500e+00,  1.591501e+00,  3.813994e-02
 1.387500e+00,  1.575759e+00,  4.675636e-02
 1.412500e+00,  1.553484e+00,  3.928302e-02
 1.437500e+00,  1.536498e+00,  4.333617e-02
 1.462500e+00,  1.518767e+00,  4.558538e-02
 1.487500e+00,  1.494262e+00,  4.666709e-02
 1.512500e+00,  1.466412e+00,  4.708572e-02
 1.537500e+00,  1.447229e+00,  4.749583e-02
 1.562500e+00,  1.422750e+00,  5.007031e-02
 1.587500e+00,  1.406041e+00,  5.696514e-02
 1.612500e+00,  1.389157e+00,  5.399826e-02
 1.637500e+00,  1.369779e+00,  5.702016e-02
 1.662500e+00,  1.345067e+00,  3.856884e-02
 1.687500e+00,  1.325643e+00,  3.880251e-02
 1.712500e+00,  1.309656e+00,  3.867507e-02
 1.737500e+00,  1.292492e+00,  3.936237e-02
 1.762500e+00,  1.270990e+00,  3.977940e-02
 1.787500e+00,  1.237055e+00,  3.979135e-02
 1.812500e+00,  1.210344e+00,  3.911709e-02
 1.837500e+00,  1.192748e+00,  3.911285e-02
 1.862500e+00,  1.176979e+00,  3.945338e-02
 1.887500e+00,  1.162429e+00,  3.938958e-02
 1.912500e+00,  1.145523e+00,  3.984038e-02
 1.937500e+00,  1.108453e+00,  3.903140e-02
 1.962500e+00,  1.091194e+00,  3.897642e-02
 1.987500e+00,  1.065140e+00,  3.880769e-02
 2.012500e+00,  1.049187e+00,  3.753732e-02
 2.037500e+00,  1.035219e+00,  3.774883e-02
 2.062500e+00,  1.021534e+00,  3.686001e-02
 2.087500e+00,  9.933360e-01,  3.685691e-02
 2.112500e+00,  9.733817e-01,  3.734120e-02
 2.137500e+00,  9.548525e-01,  3.631512e-02
 2.162500e+00,  9.362482e-01,  3.510593e-02
 2.187500e+00,  9.215826e-01,  3.464097e-02
 2.212500e+00,  9.053503e-01,  3.379141e-02
 2.237500e+00,  8.878936e-01,  3.181808e-02
 2.262500e+00,  8.654404e-01,  2.912911e-02
 2.287500e+00,  8.429399e-01,  2.890006e-02
 2.312500e+00,  8.239558e-01,  2.637590e-02
 2.337500e+00,  8.045137e-01,  2.565847e-02
 2.362500e+00,  7.916870e-01,  2.552412e-02
 2.387500e+00,  7.811489e-01,  2.549718e-02
 2.412500e+00,  7.709026e-01,  2.602157e-02
 2.437500e+00,  7.602518e-01,  2.572782e-02
 2.462500e+00,  7.489539e-01,  2.546420e-02
 2.487500e+00,  7.361581e-01,  2.477865e-02
 2.512500e+00,  7.138833e-01,  2.194484e-02
 2.537500e+00,  7.029760e-01,  2.064990e-02
 2.562500e+00,  6.907894e-01,  2.046393e-02
 2.587500e+00,  6.806445e-01,  2.023986e-02
 2.612500e+00,  6.691187e-01,  2.036994e-02
 2.637500e+00,  6.554308e-01,  1.992512e-02
 2.662500e+00,  6.425437e-01,  1.896083e-02
 2.687500e+00,  6.309469e-01,  1.905755e-02
 2.712500e+00,  6.205822e-01,  1.888224e-02
 2.737500e+00,  6.100393e-01,  1.886454e-02
 2.762500e+00,  5.999716e-01,  1.885050e-02
 2.787500e+00,  5.907789e-01,  1.893397e-02
 2.812500e+00,  5.822961e-01,  1.930933e-02
 2.837500e+00,  5.725128e-01,  1.899638e-02
 2.862500e+00,  5.637876e-01,  1.901592e-02
 2.887500e+00,  5.537454e-01,  2.062870e-02
 2.912500e+00,  5.384109e-01,  2.008549e-02
 2.937500e+00,  5.239979e-01,  1.991500e-02
 2.962500e+00,  5.146332e-01,  1.783619e-02
 2.987500e+00,  5.054403e-01,  1.772312e-02
 3.012500e+00,  4.865863e-01,  1.762404e-02
 3.037500e+00,  4.780863e-01,  1.784913e-02
 3.062500e+00,  4.702634e-01,  1.816300e-02
 3.087500e+00,  4.631067e-01,  1.777708e-02
 3.112500e+00,  4.557591e-01,  1.756479e-02
 3.137500e+00,  4.486192e-01,  1.779450e-02
 3.162500e+00,  4.396782e-01,  1.785972e-02
 3.187500e+00,  4.311830e-01,  1.782538e-02
 3.212500e+00,  4.233887e-01,  1.951554e-02
 3.237500e+00,  4.139438e-01,  1.913123e-02
 3.262500e+00,  4.059817e-01,  1.957693e-02
 3.287500e+00,  3.987505e-01,  1.941025e-02
 3.312500e+00,  3.912905e-01,  2.610469e-02
 3.337500e+00,  3.837509e-01,  2.517193e-02
 3.362500e+00,  3.763331e-01,  2.444957e-02
 3.387500e+00,  3.678545e-01,  1.848717e-02
 3.412500e+00,  3.581542e-01,  1.777107e-02
 3.437500e+00,  3.473869e-01,  1.687729e-02
 3.462500e+00,  3.397971e-01,  2.003904e-02
 3.487500e+00,  3.317713e-01,  1.929366e-02
 3.512500e+00,  3.226315e-01,  1.885063e-02
 3.537500e+00,  3.155132e-01,  1.850365e-02
 3.562500e+00,  3.066810e-01,  1.786087e-02
 3.587500e+00,  3.007556e-01,  1.810397e-02
 3.612500e+00,  2.947870e-01,  1.859409e-02
 3.637500e+00,  2.865413e-01,  1.794584e-02
 3.662500e+00,  2.754586e-01,  1.745098e-02
 3.687500e+00,  2.701021e-01,  1.682970e-02
 3.712500e+00,  2.628944e-01,  1.618194e-02
 3.737500e+00,  2.575776e-01,  1.690084e-02
 3.762500e+00,  2.522022e-01,  1.617256e-02
 3.787500e+00,  2.465321e-01,  2.405085e-02
 3.812500e+00,  2.411408e-01,  1.835854e-02
 3.837500e+00,  2.364136e-01,  1.746659e-02
 3.862500e+00,  2.300230e-01,  1.570371e-02
 3.887500e+00,  2.252141e-01,  1.490826e-02
 3.912500e+00,  2.206557e-01,  1.426858e-02
 3.937500e+00,  2.161141e-01,  1.719961e-02
 3.962500e+00,  2.115691e-01,  1.622849e-02
 3.987500e+00,  2.032403e-01,  7.026785e-03
 4.012500e+00,  1.956528e-01,  6.150913e-03
 4.037500e+00,  1.913995e-01,  5.999477e-03
 4.062500e+00,  1.868787e-01,  5.932379e-03
 4.087500e+00,  1.825953e-01,  5.802056e-03
 4.112500e+00,  1.783545e-01,  5.621798e-03
 4.137500e+00,  1.744959e-01,  5.546831e-03
 4.162500e+00,  1.705650e-01,  5.483719e-03
 4.187500e+00,  1.664238e-01,  5.437826e-03
 4.212500e+00,  1.614505e-01,  5.370277e-03
 4.237500e+00,  1.563467e-01,  5.366577e-03
 4.262500e+00,  1.516644e-01,  5.240681e-03
 4.287500e+00,  1.483100e-01,  5.195577e-03
 4.312500e+00,  1.447654e-01,  5.100523e-03
 4.337500e+00,  1.401741e-01,  5.290598e-03
 4.362500e+00,  1.366529e-01,  5.180065e-03
 4.387500e+00,  1.334436e-01,  5.185570e-03
 4.412500e+00,  1.302087e-01,  5.070217e-03
 4.437500e+00,  1.270664e-01,  4.983454e-03
 4.462500e+00,  1.218780e-01,  5.509209e-03
 4.487500e+00,  1.175534e-01,  5.174510e-03
 4.512500e+00,  1.128825e-01,  4.794864e-03
 4.537500e+00,  1.076095e-01,  4.805335e-03
 4.562500e+00,  1.037992e-01,  4.328805e-03
 4.587500e+00,  1.008767e-01,  4.256800e-03
 4.612500e+00,  9.689620e-02,  4.192960e-03
 4.637500e+00,  9.413850e-02,  4.108703e-03
 4.662500e+00,  9.182283e-02,  4.177231e-03
 4.687500e+00,  8.977516e-02,  4.079815e-03
 4.712500e+00,  8.778748e-02,  4.140871e-03
 4.737500e+00,  8.565110e-02,  4.041644e-03
 4.762500e+00,  8.362689e-02,  3.934932e-03
 4.787500e+00,  8.141119e-02,  3.889456e-03
 4.812500e+00,  7.954563e-02,  3.815168e-03
 4.837500e+00,  7.768886e-02,  3.683954e-03
 4.862500e+00,  7.603379e-02,  3.589535e-03
 4.887500e+00,  7.422089e-02,  3.508216e-03
 4.912500e+00,  7.216821e-02,  3.424464e-03
 4.937500e+00,  6.966729e-02,  3.365225e-03
 4.962500e+00,  6.811527e-02,  3.269521e-03
 4.987500e+00,  6.663552e-02,  3.208232e-03
 5.012500e+00,  6.517219e-02,  3.165635e-03
 5.037500e+00,  6.379044e-02,  3.141503e-03
 5.062500e+00,  6.235479e-02,  3.055192e-03
 5.087500e+00,  6.092744e-02,  2.967598e-03
 5.112500e+00,  5.945240e-02,  3.336803e-03
 5.137500e+00,  5.797833e-02,  3.211992e-03
 5.162500e+00,  5.651273e-02,  2.876033e-03
 5.187500e+00,  5.471687e-02,  2.748960e-03
 5.212500e+00,  5.275120e-02,  2.553299e-03
 5.237500e+00,  5.141592e-02,  2.511264e-03
 5.262500e+00,  4.982847e-02,  2.421076e-03
 5.287500e+00,  4.847707e-02,  2.365301e-03
 5.312500e+00,  4.705650e-02,  2.389832e-03
 5.337500e+00,  4.569086e-02,  2.292253e-03
 5.362500e+00,  4.437782e-02,  2.210279e-03
 5.387500e+00,  4.305332e-02,  1.968817e-03
 5.412500e+00,  4.179692e-02,  1.973637e-03
 5.437500e+00,  4.082502e-02,  1.916084e-03
 5.462500e+00,  3.981368e-02,  1.783627e-03
 5.487500e+00,  3.889189e-02,  1.858564e-03
 5.512500e+00,  3.777965e-02,  1.790287e-03
 5.537500e+00,  3.684800e-02,  1.700712e-03
 5.562500e+00,  3.585521e-02,  1.653443e-03
 5.587500e+00,  3.490459e-02,  1.602798e-03
 5.612500e+00,  3.376955e-02,  1.550119e-03
 5.637500e+00,  3.264418e-02,  1.547956e-03
 5.662500e+00,  3.183548e-02,  1.508547e-03
 5.687500e+00,  3.106772e-02,  1.488246e-03
 5.712500e+00,  3.010845e-02,  1.443001e-03
 5.737500e+00,  2.890050e-02,  1.370709e-03
 5.762500e+00,  2.810868e-02,  1.342052e-03
 5.787500e+00,  2.735126e-02,  1.273626e-03
 5.812500e+00,  2.658126e-02,  1.235652e-03
 5.837500e+00,  2.585035e-02,  1.208636e-03
 5.862500e+00,  2.511637e-02,  1.171256e-03
 5.887500e+00,  2.441585e-02,  1.143680e-03
 5.912500e+00,  2.367049e-02,  1.126730e-03
 5.937500e+00,  2.262110e-02,  1.110953e-03
 5.962500e+00,  2.204222e-02,  1.075751e-03
 5.987500e+00,  2.150085e-02,  1.115730e-03
 6.012500e+00,  2.088166e-02,  1.105967e-03
 6.037500e+00,  2.007376e-02,  1.081137e-03
 6.062500e+00,  1.938393e-02,  1.012076e-03
 6.087500e+00,  1.879007e-02,  1.023887e-03
 6.112500e+00,  1.818012e-02,  9.956327e-04
 6.137500e+00,  1.772518e-02,  9.768072e-04
 6.162500e+00,  1.726062e-02,  9.641626e-04
 6.187500e+00,  1.681533e-02,  9.396447e-04
 6.212500e+00,  1.628189e-02,  9.286864e-04
 6.237500e+00,  1.553138e-02,  8.569587e-04
 6.262500e+00,  1.511869e-02,  8.352519e-04
 6.287500e+00,  1.470059e-02,  8.220899e-04
 6.312500e+00,  1.430819e-02,  8.064486e-04
 6.337500e+00,  1.391763e-02,  7.933172e-04
 6.362500e+00,  1.352935e-02,  7.761537e-04
 6.387500e+00,  1.306383e-02,  7.897550e-04
 6.412500e+00,  1.228223e-02,  7.680515e-04
 6.437500e+00,  1.197485e-02,  7.501775e-04
 6.462500e+00,  1.165690e-02,  7.461526e-04
 6.487500e+00,  1.131334e-02,  7.340957e-04
 6.512500e+00,  1.100235e-02,  7.182178e-04
 6.537500e+00,  1.070821e-02,  7.037283e-04
 6.562500e+00,  1.041135e-02,  7.145474e-04
 6.587500e+00,  1.005262e-02,  6.975050e-04
 6.612500e+00,  9.731866e-03,  6.855520e-04
 6.637500e+00,  9.454449e-03,  6.583873e-04
 6.662500e+00,  9.161711e-03,  6.426780e-04
 6.687500e+00,  8.869969e-03,  6.312583e-04
 6.712500e+00,  8.564411e-03,  6.156110e-04
 6.737500e+00,  8.299668e-03,  5.999743e-04
 6.762500e+00,  8.026000e-03,  5.867927e-04
 6.787500e+00,  7.744220e-03,  5.712502e-04
 6.812500e+00,  7.457652e-03,  5.580035e-04
 6.837500e+00,  7.025806e-03,  5.494304e-04
 6.862500e+00,  6.788993e-03,  5.353997e-04
 6.887500e+00,  6.566675e-03,  5.221362e-04
 6.912500e+00,  6.345039e-03,  5.162819e-04
 6.937500e+00,  6.097600e-03,  5.035738e-04
 6.962500e+00,  5.841629e-03,  4.868225e-04
 6.987500e+00,  5.596824e-03,  5.306738e-04
 7.012500e+00,  5.394513e-03,  5.110191e-04
 7.037500e+00,  5.181575e-03,  4.956564e-04
 7.062500e+00,  4.987226e-03,  4.582716e-04
 7.087500e+00,  4.797771e-03,  4.499320e-04
 7.112500e+00,  4.088301e-03,  4.416609e-04
 7.137500e+00,  3.879012e-03,  4.129003e-04
 7.162500e+00,  3.751126e-03,  4.242771e-04
 7.187500e+00,  3.623472e-03,  4.129219e-04
 7.212500e+00,  3.487768e-03,  4.019338e-04
 7.237500e+00,  3.317308e-03,  3.968818e-04
 7.262500e+00,  3.202461e-03,  3.863244e-04
 7.287500e+00,  3.088097e-03,  3.886043e-04
 7.312500e+00,  2.978636e-03,  3.827429e-04
 7.337500e+00,  2.766316e-03,  3.470194e-04
 7.362500e+00,  2.653823e-03,  3.388585e-04
 7.387500e+00,  2.508755e-03,  3.122722e-04
 7.412500e+00,  2.339766e-03,  3.010181e-04
 7.437500e+00,  2.259801e-03,  2.923249e-04
 7.462500e+00,  2.174372e-03,  2.842273e-04
 7.487500e+00,  2.075754e-03,  2.774673e-04
 7.512500e+00,  1.965276e-03,  2.791123e-04
 7.537500e+00,  1.898460e-03,  2.723688e-04
 7.562500e+00,  1.836435e-03,  2.663568e-04
 7.587500e+00,  1.775936e-03,  2.685980e-04
 7.612500e+00,  1.715902e-03,  2.622254e-04
 7.637500e+00,  1.646542e-03,  2.562763e-04
 7.662500e+00,  1.581549e-03,  2.497985e-04
 7.687500e+00,  1.524380e-03,  2.457925e-04
 7.712500e+00,  1.470758e-03,  2.393519e-04
 7.737500e+00,  1.415084e-03,  2.335211e-04
 7.762500e+00,  1.361773e-03,  2.335521e-04
 7.787500e+00,  1.308744e-03,  2.274019e-04
 7.812500e+00,  1.252809e-03,  2.215562e-04
 7.837500e+00,  1.201257e-03,  2.153352e-04
 7.862500e+00,  1.146458e-03,  2.137420e-04
 7.887500e+00,  1.081787e-03,  2.075729e-04
 7.912500e+00,  1.035822e-03,  2.014293e-04
 7.937500e+00,  9.922228e-04,  1.972275e-04
 7.962500e+00,  9.492892e-04,  1.914266e-04
 7.987500e+00,  9.024443e-04,  1.855083e-04
 8.012500e+00,  8.530353e-04,  1.795023e-04
 8.037500e+00,  8.128551e-04,  1.756597e-04
 8.062500e+00,  7.757774e-04,  1.697520e-04
 8.087500e+00,  6.868064e-04,  1.736678e-04
 8.112500e+00,  4.548693e-04,  1.636836e-04
 8.137500e+00,  4.341643e-04,  1.563234e-04
 8.162500e+00,  4.165156e-04,  1.509489e-04
 8.187500e+00,  3.978692e-04,  1.455473e-04
 8.212500e+00,  3.778284e-04,  1.786638e-04
 8.237500e+00,  3.580278e-04,  1.713258e-04
 8.262500e+00,  3.446214e-04,  1.643289e-04
 8.287500e+00,  3.322126e-04,  1.385471e-04
 8.312500e+00,  3.190982e-04,  1.337381e-04
 8.337500e+00,  3.048289e-04,  1.279127e-04
 8.362500e+00,  2.923926e-04,  1.219447e-04
 8.387500e+00,  2.797208e-04,  1.207785e-04
 8.412500e+00,  2.684111e-04,  1.154557e-04
 8.437500e+00,  2.527605e-04,  1.098761e-04
 8.462500e+00,  2.398026e-04,  1.052965e-04
 8.487500e+00,  2.295581e-04,  9.648175e-05
 8.512500e+00,  2.195950e-04,  9.173313e-05
 8.537500e+00,  2.084350e-04,  8.710048e-05
 8.562500e+00,  1.951126e-04,  9.164516e-05
 8.587500e+00,  1.863409e-04,  8.641266e-05
 8.612500e+00,  1.777818e-04,  8.132680e-05
 8.637500e+00,  1.653701e-04,  7.753212e-05
 8.662500e+00,  1.561286e-04,  7.283705e-05
 8.687500e+00,  1.452633e-04,  6.272196e-05
 8.712500e+00,  1.283699e-04,  5.069585e-05
 8.737500e+00,  1.208588e-04,  5.068785e-05
 8.762500e+00,  1.145125e-04,  4.731073e-05
 8.787500e+00,  1.081278e-04,  4.446860e-05
 8.812500e+00,  1.000921e-04,  4.204332e-05
 8.837500e+00,  9.311303e-05,  4.006294e-05
 8.862500e+00,  8.546694e-05,  3.768586e-05
 8.887500e+00,  7.802016e-05,  3.260144e-05
 8.912500e+00,  7.223607e-05,  3.020938e-05
 8.937500e+00,  6.874017e-05,  2.858332e-05
 8.962500e+00,  6.546162e-05,  2.717752e-05
 8.987500e+00,  5.355102e-05,  2.477504e-05
 9.012500e+00,  4.790344e-05,  2.307588e-05
 9.037500e+00,  4.553554e-05,  2.056954e-05
 9.062500e+00,  4.284020e-05,  1.892527e-05
 9.087500e+00,  4.022775e-05,  1.775678e-05
 9.112500e+00,  3.753713e-05,  1.622173e-05
 9.137500e+00,  3.602585e-05,  1.562187e-05
 9.162500e+00,  3.452922e-05,  1.509729e-05
 9.187500e+00,  3.335618e-05,  1.462195e-05
 9.212500e+00,  3.234689e-05,  1.413228e-05
 9.237500e+00,  3.115057e-05,  1.360440e-05
 9.262500e+00,  2.978730e-05,  1.310562e-05
 9.287500e+00,  2.863938e-05,  1.260636e-05
 9.312500e+00,  2.776889e-05,  1.224456e-05
 9.337500e+00,  2.695438e-05,  1.189529e-05
 9.362500e+00,  2.609707e-05,  1.154568e-05
 9.387500e+00,  2.494502e-05,  1.118850e-05
 9.412500e+00,  2.415242e-05,  1.086861e-05
 9.437500e+00,  2.334864e-05,  1.054938e-05
 9.462500e+00,  2.259222e-05,  1.024312e-05
 9.487500e+00,  2.153988e-05,  9.938698e-06
 9.512500e+00,  2.092962e-05,  9.657463e-06
 9.537500e+00,  2.010493e-05,  9.290960e-06
 9.562500e+00,  1.904481e-05,  8.984116e-06
 9.587500e+00,  1.853002e-05,  8.744763e-06
 9.612500e+00,  1.800964e-05,  8.513227e-06
 9.637500e+00,  1.749970e-05,  8.280109e-06
 9.662500e+00,  1.699322e-05,  8.059007e-06
 9.687500e+00,  1.645511e-05,  7.848972e-06
 9.712500e+00,  1.599255e-05,  7.643980e-06
 9.737500e+00,  1.536919e-05,  7.428032e-06
 9.762500e+00,  1.485317e-05,  7.233907e-06
 9.787500e+00,  1.441785e-05,  7.044703e-06
 9.812500e+00,  1.402617e-05,  6.858930e-06
 9.837500e+00,  1.364487e-05,  6.677054e-06
 9.862500e+00,  1.327359e-05,  6.493299e-06
 9.887500e+00,  1.290221e-05,  6.317165e-06
 9.912500e+00,  1.251054e-05,  6.145468e-06
 9.937500e+00,  1.212349e-05,  5.979721e-06
 9.962500e+00,  1.178266e-05,  5.819481e-06
 9.987500e+00,  1.142354e-05,  5.646950e-06
 1.001250e+01,  1.107970e-05,  5.490415e-06
 1.003750e+01,  1.067344e-05,  5.333987e-06
 1.006250e+01,  1.030116e-05,  5.200511e-06
 1.008750e+01,  9.950318e-06,  5.069091e-06
 1.011250e+01,  9.588267e-06,  4.941560e-06
 1.013750e+01,  9.329375e-06,  4.818651e-06
 1.016250e+01,  9.075432e-06,  4.698546e-06
 1.018750e+01,  8.816360e-06,  4.579144e-06
 1.021250e+01,  8.559106e-06,  4.463942e-06
 1.023750e+01,  8.241902e-06,  4.352477e-06
 1.026250e+01,  7.975265e-06,  4.239824e-06
 1.028750e+01,  7.682405e-06,  4.133470e-06
 1.031250e+01,  7.477601e-06,  4.039448e-06
 1.033750e+01,  7.265698e-06,  3.945534e-06
 1.036250e+01,  7.028676e-06,  3.852646e-06
 1.038750e+01,  6.823760e-06,  3.762415e-06
 1.041250e+01,  6.597844e-06,  3.671368e-06
 1.043750e+01,  6.282301e-06,  3.579251e-06
 1.046250e+01,  6.110947e-06,  3.498950e-06
 1.048750e+01,  5.933489e-06,  3.416623e-06
 1.051250e+01,  5.777010e-06,  3.339607e-06
 1.053750e+01,  5.613705e-06,  3.262615e-06
 1.056250e+01,  5.462781e-06,  3.188615e-06
 1.058750e+01,  5.325929e-06,  3.117889e-06
 1.061250e+01,  5.177103e-06,  3.047493e-06
 1.063750e+01,  5.001601e-06,  2.977836e-06
 1.066250e+01,  4.870247e-06,  2.909366e-06
 1.068750e+01,  4.744473e-06,  2.838963e-06
 1.071250e+01,  4.617191e-06,  2.771252e-06
 1.073750e+01,  4.479909e-06,  2.702175e-06
 1.076250e+01,  4.361991e-06,  2.636202e-06
 1.078750e+01,  4.248842e-06,  2.571636e-06
 1.081250e+01,  4.138000e-06,  2.507920e-06
 1.083750e+01,  4.026680e-06,  2.444866e-06
 1.086250e+01,  3.919759e-06,  2.382529e-06
 1.088750e+01,  3.782923e-06,  2.321264e-06
 1.091250e+01,  3.647265e-06,  2.262276e-06
 1.093750e+01,  3.550603e-06,  2.202608e-06
 1.096250e+01,  3.428602e-06,  2.146170e-06
 1.098750e+01,  3.334980e-06,  2.087838e-06
 1.101250e+01,  3.230578e-06,  2.030164e-06
 1.103750e+01,  3.131771e-06,  1.973220e-06
 1.106250e+01,  3.040898e-06,  1.914390e-06
 1.108750e+01,  2.934675e-06,  1.856483e-06
 1.111250e+01,  2.837393e-06,  1.798436e-06
 1.113750e+01,  2.750446e-06,  1.742590e-06
 1.116250e+01,  2.660909e-06,  1.691845e-06
 1.118750e+01,  2.584133e-06,  1.639785e-06
 1.121250e+01,  2.509161e-06,  1.587897e-06
 1.123750e+01,  2.430631e-06,  1.534094e-06
 1.126250e+01,  2.356168e-06,  1.484306e-06
 1.128750e+01,  2.284783e-06,  1.435179e-06
 1.131250e+01,  2.210082e-06,  1.385424e-06
 1.133750e+01,  2.138814e-06,  1.339310e-06
 1.136250e+01,  2.070762e-06,  1.293869e-06
 1.138750e+01,  2.003368e-06,  1.249178e-06
 1.141250e+01,  1.936554e-06,  1.205253e-06
 1.143750e+01,  1.870661e-06,  1.162152e-06
 1.146250e+01,  1.801611e-06,  1.119085e-06
 1.148750e+01,  1.735952e-06,  1.077093e-06
 1.151250e+01,  1.669558e-06,  1.036155e-06
 1.153750e+01,  1.606462e-06,  9.951052e-07
 1.156250e+01,  1.533754e-06,  9.558619e-07
 1.158750e+01,  1.472002e-06,  9.190259e-07
 1.161250e+01,  1.414921e-06,  8.802359e-07
 1.163750e+01,  1.356150e-06,  8.446567e-07
 1.166250e+01,  1.301710e-06,  8.097695e-07
 1.168750e+01,  1.247142e-06,  7.756592e-07
 1.171250e+01,  1.186255e-06,  7.413711e-07
 1.173750e+01,  1.124375e-06,  7.095419e-07
 1.176250e+01,  1.056715e-06,  6.717034e-07
 1.178750e+01,  9.465473e-07,  6.187799e-07
 1.181250e+01,  9.072565e-07,  5.934689e-07
 1.183750e+01,  8.699685e-07,  5.684875e-07
 1.186250e+01,  8.331419e-07,  5.436799e-07
 1.188750e+01,  7.994881e-07,  5.181866e-07
 1.191250e+01,  7.667203e-07,  4.945138e-07
 1.193750e+01,  7.354126e-07,  4.714129e-07
 1.196250e+01,  7.046687e-07,  4.491965e-07
 1.198750e+01,  6.710362e-07,  4.273533e-07
 1.201250e+01,  6.375986e-07,  4.049187e-07
 1.203750e+01,  6.039611e-07,  3.848292e-07
 1.206250e+01,  5.774660e-07,  3.659429e-07
 1.208750e+01,  5.511013e-07,  3.470917e-07
 1.211250e+01,  5.243807e-07,  3.276975e-07
 1.213750e+01,  4.991539e-07,  3.101565e-07
 1.216250e+01,  4.743568e-07,  2.929712e-07
 1.218750e+01,  4.401950e-07,  2.754950e-07
 1.221250e+01,  4.151321e-07,  2.589116e-07
 1.223750e+01,  3.906577e-07,  2.414047e-07
 1.226250e+01,  3.673686e-07,  2.253713e-07
 1.228750e+01,  3.439132e-07,  2.099578e-07
 1.231250e+01,  3.209677e-07,  1.956827e-07
 1.233750e+01,  2.989232e-07,  1.819062e-07
 1.236250e+01,  2.801308e-07,  1.688164e-07
 1.238750e+01,  2.615771e-07,  1.560046e-07
 1.241250e+01,  2.433652e-07,  1.434788e-07
 1.243750e+01,  2.258660e-07,  1.312824e-07
 1.246250e+01,  2.089245e-07,  1.194447e-07
 1.248750e+01,  1.926007e-07,  1.080667e-07
