# Source: Estienne et al. (SM-2018 model), Phys.Rev.Lett. 123 (2019) 022502, Supplementary materials, 0.05–10.05 MeV, 100 keV bins
# Column used: Pu41 450d (PWR irradiation duration 450 days)
# Units: E_nu [MeV], dN_dE [# / MeV / fission]
E_nu,dN_dE
0.05,7.533840e-01
0.15,1.830240e+00
0.25,2.269810e+00
0.35,2.572680e+00
0.45,2.812510e+00
0.55,2.956600e+00
0.65,2.869610e+00
0.75,2.728420e+00
0.85,2.761530e+00
0.95,2.594680e+00
1.05,2.399080e+00
1.15,2.270340e+00
1.25,2.030080e+00
1.35,1.886630e+00
1.45,1.827240e+00
1.55,1.749490e+00
1.65,1.671120e+00
1.75,1.576870e+00
1.85,1.475540e+00
1.95,1.372930e+00
2.05,1.290510e+00
2.15,1.196050e+00
2.25,1.102710e+00
2.35,1.013390e+00
2.45,9.442660e-01
2.55,8.856830e-01
2.65,8.215570e-01
2.75,7.686020e-01
2.85,7.213090e-01
2.95,6.646490e-01
3.05,6.220760e-01
3.15,5.838070e-01
3.25,5.415590e-01
3.35,5.041610e-01
3.45,4.606080e-01
3.55,4.193840e-01
3.65,3.858370e-01
3.75,3.567170e-01
3.85,3.284990e-01
3.95,3.007700e-01
4.05,2.702110e-01
4.15,2.456830e-01
4.25,2.209030e-01
4.35,2.001940e-01
4.45,1.803660e-01
4.55,1.577100e-01
4.65,1.413610e-01
4.75,1.286390e-01
4.85,1.173140e-01
4.95,1.064510e-01
5.05,9.637750e-02
5.15,8.670910e-02
5.25,7.742810e-02
5.35,6.779260e-02
5.45,6.018640e-02
5.55,5.324760e-02
5.65,4.669970e-02
5.75,4.141600e-02
5.85,3.688340e-02
5.95,3.225030e-02
6.05,2.840580e-02
6.15,2.524550e-02
6.25,2.197540e-02
6.35,1.948610e-02
6.45,1.707200e-02
6.55,1.523550e-02
6.65,1.344050e-02
6.75,1.186180e-02
6.85,1.051850e-02
6.95,9.099320e-03
7.05,7.836010e-03
7.15,6.296360e-03
7.25,5.447980e-03
7.35,4.352020e-03
7.45,3.558650e-03
7.55,3.033090e-03
7.65,2.583970e-03
7.75,2.117780e-03
7.85,1.745280e-03
7.95,1.388310e-03
8.05,1.029870e-03
8.15,6.560850e-04
8.25,5.350530e-04
8.35,3.992240e-04
8.45,2.351430e-04
8.55,1.566900e-04
8.65,1.364770e-04
8.75,1.181010e-04
8.85,1.016360e-04
8.95,7.587720e-05
9.05,6.198270e-05
9.15,4.968850e-05
9.25,4.161170e-05
9.35,3.626650e-05
9.45,3.129430e-05
9.55,2.551240e-05
9.65,2.198200e-05
9.75,1.882860e-05
9.85,1.524770e-05
9.95,1.172810e-05
10.05,1.054970e-05
