# Source: Kopeikin et al., Physics of Atomic Nuclei 75 (2012) 2, 143, Table 3, 0.01–9 MeV, total spectrum
# Units: E_nu [MeV], dN_dE [# / MeV / fission]
E_nu,dN_dE
0.010,7.74e-2
0.020,3.01e-1
0.035,8.48e-1
0.040,3.54e-1
0.070,9.89e-1
0.100,1.81e+0
0.130,2.74e+0
0.160,3.85e+0
0.165,3.26e+0
0.180,3.74e+0
0.215,4.66e+0
0.230,4.08e+0
0.280,5.03e+0
0.330,5.97e+0
0.335,4.30e+0
0.350,4.08e+0
0.390,4.42e+0
0.400,4.04e+0
0.435,4.39e+0
0.440,2.84e+0
0.500,3.03e+0
0.700,3.14e+0
0.900,3.23e+0
1.000,3.11e+0
1.185,2.80e+0
1.190,2.24e+0
1.250,2.06e+0
1.300,1.77e+0
1.500,1.59e+0
1.700,1.48e+0
1.800,1.42e+0
1.900,1.36e+0
2.000,1.30e+0
2.250,1.08e+0
2.500,8.82e-1
2.750,7.33e-1
3.000,6.11e-1
3.250,5.05e-1
3.500,4.11e-1
4.000,2.61e-1
4.500,1.56e-1
5.000,9.28e-2
5.500,5.49e-2
6.000,3.17e-2
6.500,1.74e-2
7.000,8.97e-3
7.500,3.66e-3
8.000,1.19e-3
8.500,2.99e-4
9.000,8.31e-5
