# Source: Mueller et al., Phys.Rev.C 83 (2011) 054615 [arXiv:1101.2663], Table III, 2–8 MeV
# Units: E_nu [MeV], dN_dE [# / MeV / fission]
# Columns: E_nu [MeV], dN_dE [# / MeV / fission]
         E_nu,         dN_dE
 2.000000e+00,  1.480000e+00
 2.250000e+00,  1.300000e+00
 2.500000e+00,  1.150000e+00
 2.750000e+00,  1.000000e+00
 3.000000e+00,  8.760000e-01
 3.250000e+00,  7.590000e-01
 3.500000e+00,  6.420000e-01
 3.750000e+00,  5.390000e-01
 4.000000e+00,  4.510000e-01
 4.250000e+00,  3.670000e-01
 4.500000e+00,  2.930000e-01
 4.750000e+00,  2.320000e-01
 5.000000e+00,  1.830000e-01
 5.250000e+00,  1.430000e-01
 5.500000e+00,  1.100000e-01
 5.750000e+00,  8.350000e-02
 6.000000e+00,  6.210000e-02
 6.250000e+00,  4.700000e-02
 6.500000e+00,  3.580000e-02
 6.750000e+00,  2.710000e-02
 7.000000e+00,  1.950000e-02
 7.250000e+00,  1.330000e-02
 7.500000e+00,  8.650000e-03
 7.750000e+00,  6.010000e-03
 8.000000e+00,  3.840000e-03
