# Source: Mueller et al., Phys.Rev.C 83 (2011) 054615 [arXiv:1101.2663], Table V, 2–8 MeV
# Units: E_nu [MeV], dN_dE [# / MeV / fission]
# Columns: E_nu [MeV], dN_dE [# / MeV / fission]
         E_nu,         dN_dE
 2.000000e+00,  1.130000e+00
 2.250000e+00,  9.190000e-01
 2.500000e+00,  7.280000e-01
 2.750000e+00,  6.130000e-01
 3.000000e+00,  5.040000e-01
 3.250000e+00,  4.100000e-01
 3.500000e+00,  3.210000e-01
 3.750000e+00,  2.540000e-01
 4.000000e+00,  2.000000e-01
 4.250000e+00,  1.510000e-01
 4.500000e+00,  1.100000e-01
 4.750000e+00,  7.970000e-02
 5.000000e+00,  6.150000e-02
 5.250000e+00,  4.680000e-02
 5.500000e+00,  3.500000e-02
 5.750000e+00,  2.550000e-02
 6.000000e+00,  1.820000e-02
 6.250000e+00,  1.320000e-02
 6.500000e+00,  9.820000e-03
 6.750000e+00,  7.320000e-03
 7.000000e+00,  5.130000e-03
 7.250000e+00,  3.150000e-03
 7.500000e+00,  1.830000e-03
 7.750000e+00,  1.030000e-03
 8.000000e+00,  4.910000e-04
