# Source: Vogel et al., Phys.Rev.D 39 (1989) 3378, Table II, below 2 MeV
# Units: E_nu [MeV], dN_dE [# / MeV / fission]
# Columns: E_nu [MeV], dN_dE [# / MeV / fission]
         E_nu,         dN_dE
 7.813000e-03,  1.400000e-01
 1.563000e-02,  5.600000e-01
 3.120000e-02,  2.130000e+00
 6.250000e-02,  6.400000e-01
 1.250000e-01,  1.990000e+00
 2.500000e-01,  2.080000e+00
 5.000000e-01,  2.630000e+00
 7.500000e-01,  2.580000e+00
 1.000000e+00,  2.320000e+00
 1.500000e+00,  1.480000e+00
 2.000000e+00,  1.080000e+00
